,Unnamed: 0,MJD,V,E_V,CHI2,FILENAME,SNR,EXPTIME,AIRMASS,WAVE_CAL,BARYCOR,RVEPOCH,ONEDSPEC
0,890,59103.659099094424,856.502,19.127,1190.437,Sun_200911.1062.fits,304,600.003,1.000000000038,ThAr,chromatic,5,/Volumes/solar_extracted/extracted/web/2020/200911_solar/Sun_200911.1062.1ds.csv
1,891,59103.666525210625,781.8969999999999,14.254000000000001,1801.644,Sun_200911.1063.fits,370,600.004,1.000000000038,ThAr,chromatic,5,/Volumes/solar_extracted/extracted/web/2020/200911_solar/Sun_200911.1063.1ds.csv
2,892,59103.674205861425,1044.4360000000001,16.204,2451.24,Sun_200911.1064.fits,439,600.004,1.000000000038,ThAr,chromatic,5,/Volumes/solar_extracted/extracted/web/2020/200911_solar/Sun_200911.1064.1ds.csv
3,893,59103.682652787444,1264.4260000000002,12.88,2535.399,Sun_200911.1066.fits,447,600.004,1.000000000038,ThAr,chromatic,5,/Volumes/solar_extracted/extracted/web/2020/200911_solar/Sun_200911.1066.1ds.csv
4,894,59103.69028526247,1574.378,15.66,2629.804,Sun_200911.1067.fits,457,575.123,1.000000000038,ThAr,chromatic,5,/Volumes/solar_extracted/extracted/web/2020/200911_solar/Sun_200911.1067.1ds.csv
5,895,59103.697272299825,1714.568,12.796,2594.2929999999997,Sun_200911.1068.fits,457,519.964,1.000000000038,ThAr,chromatic,5,/Volumes/solar_extracted/extracted/web/2020/200911_solar/Sun_200911.1068.1ds.csv
6,896,59103.70443934442,1730.816,17.266,2630.704,Sun_200911.1070.fits,455,457.716,1.000000000038,ThAr,chromatic,5,/Volumes/solar_extracted/extracted/web/2020/200911_solar/Sun_200911.1070.1ds.csv
7,897,59103.7104771927,1718.226,12.844000000000001,2636.6059999999998,Sun_200911.1071.fits,455,466.436,1.000000000038,ThAr,chromatic,5,/Volumes/solar_extracted/extracted/web/2020/200911_solar/Sun_200911.1071.1ds.csv
8,898,59103.71688740313,1539.8470000000002,11.517999999999999,2648.987,Sun_200911.1072.fits,455,530.2090000000001,1.000000000038,ThAr,chromatic,5,/Volumes/solar_extracted/extracted/web/2020/200911_solar/Sun_200911.1072.1ds.csv
9,899,59103.723640349475,1384.63,10.365,2605.761,Sun_200911.1073.fits,454,503.365,1.000000000038,ThAr,chromatic,5,/Volumes/solar_extracted/extracted/web/2020/200911_solar/Sun_200911.1073.1ds.csv
10,900,59103.731063198604,1330.3729999999998,13.243,2639.187,Sun_200911.1075.fits,457,483.06800000000004,1.000000000038,ThAr,chromatic,5,/Volumes/solar_extracted/extracted/web/2020/200911_solar/Sun_200911.1075.1ds.csv
11,901,59103.737227254314,1236.693,12.354000000000001,2620.417,Sun_200911.1076.fits,455,445.798,1.000000000038,ThAr,chromatic,5,/Volumes/solar_extracted/extracted/web/2020/200911_solar/Sun_200911.1076.1ds.csv
12,902,59103.74315010384,1269.094,12.689,2617.506,Sun_200911.1077.fits,452,477.962,1.000000000038,ThAr,chromatic,5,/Volumes/solar_extracted/extracted/web/2020/200911_solar/Sun_200911.1077.1ds.csv
13,903,59103.75012379081,1223.014,12.5,2483.255,Sun_200911.1078.fits,444,600.004,1.000000000038,ThAr,chromatic,5,/Volumes/solar_extracted/extracted/web/2020/200911_solar/Sun_200911.1078.1ds.csv
14,904,59103.75890772045,1161.153,12.077,2397.791,Sun_200911.1080.fits,434,600.004,1.000000000038,ThAr,chromatic,5,/Volumes/solar_extracted/extracted/web/2020/200911_solar/Sun_200911.1080.1ds.csv
15,905,59103.76648822803,1164.705,11.989,2466.742,Sun_200911.1081.fits,439,600.005,1.000000000038,ThAr,chromatic,5,/Volumes/solar_extracted/extracted/web/2020/200911_solar/Sun_200911.1081.1ds.csv
16,906,59103.77407363567,1182.147,19.211,2239.571,Sun_200911.1082.fits,415,600.003,1.000000000038,ThAr,chromatic,5,/Volumes/solar_extracted/extracted/web/2020/200911_solar/Sun_200911.1082.1ds.csv
17,907,59103.78270235634,974.0219999999999,14.934000000000001,2515.26,Sun_200911.1084.fits,442,600.004,1.000000000038,ThAr,chromatic,5,/Volumes/solar_extracted/extracted/web/2020/200911_solar/Sun_200911.1084.1ds.csv
18,908,59103.79043189466,881.535,13.225,2592.821,Sun_200911.1085.fits,451,600.003,1.000000000038,ThAr,chromatic,5,/Volumes/solar_extracted/extracted/web/2020/200911_solar/Sun_200911.1085.1ds.csv
19,909,59103.79810685822,851.336,12.687000000000001,2648.1940000000004,Sun_200911.1086.fits,457,576.194,1.000000000038,ThAr,chromatic,5,/Volumes/solar_extracted/extracted/web/2020/200911_solar/Sun_200911.1086.1ds.csv
20,910,59103.805988996726,665.9789999999999,19.875,2652.453,Sun_200911.1088.fits,453,512.798,1.000000000038,ThAr,chromatic,5,/Volumes/solar_extracted/extracted/web/2020/200911_solar/Sun_200911.1088.1ds.csv
21,911,59103.812296899865,597.859,17.885,2637.384,Sun_200911.1089.fits,453,474.564,1.000000000038,ThAr,chromatic,5,/Volumes/solar_extracted/extracted/web/2020/200911_solar/Sun_200911.1089.1ds.csv
22,912,59103.81852166727,557.07,16.66,2609.134,Sun_200911.1090.fits,453,473.676,1.000000000038,ThAr,chromatic,5,/Volumes/solar_extracted/extracted/web/2020/200911_solar/Sun_200911.1090.1ds.csv
23,913,59103.82519182907,3722.873,12.392999999999999,2592.929,Sun_200911.1091.fits,453,529.535,1.000000000038,ThAr,chromatic,5,/Volumes/solar_extracted/extracted/web/2020/200911_solar/Sun_200911.1091.1ds.csv
24,915,59103.83869622375,644.656,19.407,2611.952,Sun_200911.1094.fits,452,543.5740000000001,1.000000000038,ThAr,chromatic,5,/Volumes/solar_extracted/extracted/web/2020/200911_solar/Sun_200911.1094.1ds.csv
25,916,59103.846556347315,774.7860000000001,14.047,1798.899,Sun_200911.1095.fits,373,600.005,1.000000000038,ThAr,chromatic,5,/Volumes/solar_extracted/extracted/web/2020/200911_solar/Sun_200911.1095.1ds.csv
26,917,59103.85400871954,946.197,15.635,2182.667,Sun_200911.1096.fits,408,600.005,1.000000000038,ThAr,chromatic,5,/Volumes/solar_extracted/extracted/web/2020/200911_solar/Sun_200911.1096.1ds.csv
27,918,59103.86247281928,967.7310000000001,10.889000000000001,2074.26,Sun_200911.1098.fits,399,600.003,1.000000000038,ThAr,chromatic,5,/Volumes/solar_extracted/extracted/web/2020/200911_solar/Sun_200911.1098.1ds.csv
28,919,59103.8701846463,857.257,15.525,1812.9779999999998,Sun_200911.1099.fits,375,600.004,1.000000000038,ThAr,chromatic,5,/Volumes/solar_extracted/extracted/web/2020/200911_solar/Sun_200911.1099.1ds.csv
29,920,59103.87780093312,1011.567,20.183,1483.879,Sun_200911.1100.fits,339,600.005,1.000000000038,ThAr,chromatic,5,/Volumes/solar_extracted/extracted/web/2020/200911_solar/Sun_200911.1100.1ds.csv
30,921,59103.886435502005,761.289,15.173,1489.499,Sun_200911.1102.fits,340,600.003,1.000000000038,ThAr,chromatic,5,/Volumes/solar_extracted/extracted/web/2020/200911_solar/Sun_200911.1102.1ds.csv
31,922,59103.89399917423,638.2719999999999,28.213,1239.012,Sun_200911.1103.fits,307,600.003,1.000000000038,ThAr,chromatic,5,/Volumes/solar_extracted/extracted/web/2020/200911_solar/Sun_200911.1103.1ds.csv
32,923,59103.90246693211,803.375,17.241,1285.275,Sun_200911.1104.fits,315,600.004,1.000000000038,ThAr,chromatic,5,/Volumes/solar_extracted/extracted/web/2020/200911_solar/Sun_200911.1104.1ds.csv
33,924,59103.90959492907,750.041,30.71,1422.517,Sun_200911.1106.fits,332,600.003,1.000000000038,ThAr,chromatic,5,/Volumes/solar_extracted/extracted/web/2020/200911_solar/Sun_200911.1106.1ds.csv
34,925,59104.65482788383,1662.714,15.100999999999999,1774.0739999999998,Sun_200912.1062.fits,373,600.004,1.0000000000015,ThAr,chromatic,5,/Volumes/solar_extracted/extracted/web/2020/200912_solar/Sun_200912.1062.1ds.csv
35,926,59104.66237520584,1357.9979999999998,14.684000000000001,2243.571,Sun_200912.1063.fits,418,600.004,1.0000000000015,ThAr,chromatic,5,/Volumes/solar_extracted/extracted/web/2020/200912_solar/Sun_200912.1063.1ds.csv
36,927,59104.670037857664,1342.848,14.427999999999999,2276.8,Sun_200912.1064.fits,422,600.003,1.0000000000015,ThAr,chromatic,5,/Volumes/solar_extracted/extracted/web/2020/200912_solar/Sun_200912.1064.1ds.csv
37,928,59104.67876278624,1299.4289999999999,13.158,2524.889,Sun_200912.1066.fits,448,600.003,1.0000000000015,ThAr,chromatic,5,/Volumes/solar_extracted/extracted/web/2020/200912_solar/Sun_200912.1066.1ds.csv
38,929,59104.68618030707,1223.922,18.227999999999998,2621.545,Sun_200912.1067.fits,455,552.906,1.0000000000015,ThAr,chromatic,5,/Volumes/solar_extracted/extracted/web/2020/200912_solar/Sun_200912.1067.1ds.csv
39,930,59104.6930372589,1254.118,12.475999999999999,2654.074,Sun_200912.1068.fits,456,513.148,1.0000000000015,ThAr,chromatic,5,/Volumes/solar_extracted/extracted/web/2020/200912_solar/Sun_200912.1068.1ds.csv
40,931,59104.70063265398,1255.205,12.5,2647.847,Sun_200912.1070.fits,454,513.118,1.0000000000015,ThAr,chromatic,5,/Volumes/solar_extracted/extracted/web/2020/200912_solar/Sun_200912.1070.1ds.csv
41,932,59104.70745873887,1314.1589999999999,13.073,2660.452,Sun_200912.1071.fits,455,528.524,1.0000000000015,ThAr,chromatic,5,/Volumes/solar_extracted/extracted/web/2020/200912_solar/Sun_200912.1071.1ds.csv
42,933,59104.714009654504,1444.126,14.379000000000001,2640.62,Sun_200912.1072.fits,455,486.92,1.0000000000015,ThAr,chromatic,5,/Volumes/solar_extracted/extracted/web/2020/200912_solar/Sun_200912.1072.1ds.csv
43,934,59104.719998945126,1407.105,14.008,2664.212,Sun_200912.1073.fits,453,430.01199999999994,1.0000000000015,ThAr,chromatic,5,/Volumes/solar_extracted/extracted/web/2020/200912_solar/Sun_200912.1073.1ds.csv
44,935,59104.72648586251,1286.464,12.819,2608.306,Sun_200912.1075.fits,454,420.315,1.0000000000015,ThAr,chromatic,5,/Volumes/solar_extracted/extracted/web/2020/200912_solar/Sun_200912.1075.1ds.csv
45,936,59104.731813194885,1289.434,19.309,2605.598,Sun_200912.1076.fits,454,388.32800000000003,1.0000000000015,ThAr,chromatic,5,/Volumes/solar_extracted/extracted/web/2020/200912_solar/Sun_200912.1076.1ds.csv
46,937,59104.73676618795,1253.697,12.513,2611.7070000000003,Sun_200912.1077.fits,452,361.668,1.0000000000015,ThAr,chromatic,5,/Volumes/solar_extracted/extracted/web/2020/200912_solar/Sun_200912.1077.1ds.csv
47,938,59104.741412136515,1229.428,12.277999999999999,2596.967,Sun_200912.1078.fits,454,340.005,1.0000000000015,ThAr,chromatic,5,/Volumes/solar_extracted/extracted/web/2020/200912_solar/Sun_200912.1078.1ds.csv
48,939,59104.74598707349,1166.264,11.642999999999999,2615.294,Sun_200912.1079.fits,452,324.744,1.0000000000015,ThAr,chromatic,5,/Volumes/solar_extracted/extracted/web/2020/200912_solar/Sun_200912.1079.1ds.csv
49,940,59104.75140057483,1195.95,11.958,2608.4410000000003,Sun_200912.1081.fits,451,317.879,1.0000000000015,ThAr,chromatic,5,/Volumes/solar_extracted/extracted/web/2020/200912_solar/Sun_200912.1081.1ds.csv
50,941,59104.75560158037,1249.3339999999998,18.732,2608.125,Sun_200912.1082.fits,452,295.776,1.0000000000015,ThAr,chromatic,5,/Volumes/solar_extracted/extracted/web/2020/200912_solar/Sun_200912.1082.1ds.csv
51,942,59104.75965726768,1206.402,12.062000000000001,2623.433,Sun_200912.1083.fits,454,281.627,1.0000000000015,ThAr,chromatic,5,/Volumes/solar_extracted/extracted/web/2020/200912_solar/Sun_200912.1083.1ds.csv
52,943,59104.76341675091,1113.397,16.717,2592.468,Sun_200912.1084.fits,450,265.538,1.0000000000015,ThAr,chromatic,5,/Volumes/solar_extracted/extracted/web/2020/200912_solar/Sun_200912.1084.1ds.csv
53,944,59104.76698903611,1147.411,17.262,2612.887,Sun_200912.1085.fits,450,255.322,1.0000000000015,ThAr,chromatic,5,/Volumes/solar_extracted/extracted/web/2020/200912_solar/Sun_200912.1085.1ds.csv
54,945,59104.770538538796,1119.431,16.828,2586.861,Sun_200912.1086.fits,452,244.08900000000003,1.0000000000015,ThAr,chromatic,5,/Volumes/solar_extracted/extracted/web/2020/200912_solar/Sun_200912.1086.1ds.csv
55,946,59104.77497402037,1104.493,16.582,2618.107,Sun_200912.1088.fits,453,238.485,1.0000000000015,ThAr,chromatic,5,/Volumes/solar_extracted/extracted/web/2020/200912_solar/Sun_200912.1088.1ds.csv
56,947,59104.77832296344,1173.182,11.786,2595.007,Sun_200912.1089.fits,451,240.517,1.0000000000015,ThAr,chromatic,5,/Volumes/solar_extracted/extracted/web/2020/200912_solar/Sun_200912.1089.1ds.csv
57,948,59104.78167223568,1133.275,17.090999999999998,2591.547,Sun_200912.1090.fits,450,235.726,1.0000000000015,ThAr,chromatic,5,/Volumes/solar_extracted/extracted/web/2020/200912_solar/Sun_200912.1090.1ds.csv
58,949,59104.78496142429,1119.577,16.887,2608.593,Sun_200912.1091.fits,450,233.769,1.0000000000015,ThAr,chromatic,5,/Volumes/solar_extracted/extracted/web/2020/200912_solar/Sun_200912.1091.1ds.csv
59,950,59104.788269550976,1175.1019999999999,11.794,2620.665,Sun_200912.1092.fits,450,237.24599999999998,1.0000000000015,ThAr,chromatic,5,/Volumes/solar_extracted/extracted/web/2020/200912_solar/Sun_200912.1092.1ds.csv
60,951,59104.79177416834,1042.424,15.686,2618.916,Sun_200912.1093.fits,451,238.739,1.0000000000015,ThAr,chromatic,5,/Volumes/solar_extracted/extracted/web/2020/200912_solar/Sun_200912.1093.1ds.csv
61,952,59104.79521463846,1041.86,10.448,2604.828,Sun_200912.1094.fits,450,234.928,1.0000000000015,ThAr,chromatic,5,/Volumes/solar_extracted/extracted/web/2020/200912_solar/Sun_200912.1094.1ds.csv
62,953,59104.79943618215,1031.375,15.569,2610.42,Sun_200912.1096.fits,449,231.077,1.0000000000015,ThAr,chromatic,5,/Volumes/solar_extracted/extracted/web/2020/200912_solar/Sun_200912.1096.1ds.csv
63,954,59104.802990614015,989.263,9.918,2593.81,Sun_200912.1097.fits,451,248.322,1.0000000000015,ThAr,chromatic,5,/Volumes/solar_extracted/extracted/web/2020/200912_solar/Sun_200912.1097.1ds.csv
64,955,59104.80650313384,1065.529,16.047,2609.27,Sun_200912.1098.fits,450,258.681,1.0000000000015,ThAr,chromatic,5,/Volumes/solar_extracted/extracted/web/2020/200912_solar/Sun_200912.1098.1ds.csv
65,956,59104.810133404804,1010.622,15.198,2619.198,Sun_200912.1099.fits,450,261.70599999999996,1.0000000000015,ThAr,chromatic,5,/Volumes/solar_extracted/extracted/web/2020/200912_solar/Sun_200912.1099.1ds.csv
66,957,59104.81372623202,916.1310000000001,13.823,2612.799,Sun_200912.1100.fits,450,239.96599999999998,1.0000000000015,ThAr,chromatic,5,/Volumes/solar_extracted/extracted/web/2020/200912_solar/Sun_200912.1100.1ds.csv
67,958,59104.817260191514,935.457,14.082,2613.206,Sun_200912.1101.fits,451,248.107,1.0000000000015,ThAr,chromatic,5,/Volumes/solar_extracted/extracted/web/2020/200912_solar/Sun_200912.1101.1ds.csv
68,959,59104.82184939249,1078.25,10.829,2598.8979999999997,Sun_200912.1103.fits,449,309.798,1.0000000000015,ThAr,chromatic,5,/Volumes/solar_extracted/extracted/web/2020/200912_solar/Sun_200912.1103.1ds.csv
69,960,59104.826098955185,4782.205,14.419,2597.4339999999997,Sun_200912.1104.fits,449,261.33799999999997,1.0000000000015,ThAr,chromatic,5,/Volumes/solar_extracted/extracted/web/2020/200912_solar/Sun_200912.1104.1ds.csv
70,961,59104.829575317686,1040.76,10.485,2584.859,Sun_200912.1105.fits,448,250.864,1.0000000000015,ThAr,chromatic,5,/Volumes/solar_extracted/extracted/web/2020/200912_solar/Sun_200912.1105.1ds.csv
71,962,59104.833270439114,1055.157,10.612,2618.195,Sun_200912.1106.fits,448,258.78,1.0000000000015,ThAr,chromatic,5,/Volumes/solar_extracted/extracted/web/2020/200912_solar/Sun_200912.1106.1ds.csv
72,963,59104.83704888564,1083.9560000000001,10.92,2620.094,Sun_200912.1107.fits,449,256.699,1.0000000000015,ThAr,chromatic,5,/Volumes/solar_extracted/extracted/web/2020/200912_solar/Sun_200912.1107.1ds.csv
73,964,59104.840656011416,1018.2610000000001,15.402000000000001,2580.904,Sun_200912.1108.fits,448,260.89,1.0000000000015,ThAr,chromatic,5,/Volumes/solar_extracted/extracted/web/2020/200912_solar/Sun_200912.1108.1ds.csv
74,966,59104.87485029836,433.25699999999995,13.091,2607.304,Sun_200912.1113.fits,449,275.44,-999.9,ThAr,chromatic,5,/Volumes/solar_extracted/extracted/web/2020/200912_solar/Sun_200912.1113.1ds.csv
75,968,59104.883196458075,514.442,15.542,2589.032,Sun_200912.1115.fits,447,322.539,-999.9,ThAr,chromatic,5,/Volumes/solar_extracted/extracted/web/2020/200912_solar/Sun_200912.1115.1ds.csv
76,971,59104.90007537003,721.446,10.917,2587.755,Sun_200912.1119.fits,448,440.599,-999.9,ThAr,chromatic,5,/Volumes/solar_extracted/extracted/web/2020/200912_solar/Sun_200912.1119.1ds.csv
77,972,59104.90586592003,684.2510000000001,20.738000000000003,2592.2960000000003,Sun_200912.1120.fits,447,450.394,-999.9,ThAr,chromatic,5,/Volumes/solar_extracted/extracted/web/2020/200912_solar/Sun_200912.1120.1ds.csv
78,973,59104.91071508247,787.7360000000001,14.484000000000002,1770.9879999999998,Sun_200912.1121.fits,370,600.003,-999.9,ThAr,chromatic,5,/Volumes/solar_extracted/extracted/web/2020/200912_solar/Sun_200912.1121.1ds.csv
79,974,59105.652498567724,1372.3229999999999,13.812999999999999,2626.438,Sun_200913.1062.fits,451,105.762,1.0000000011083001,ThAr,chromatic,5,/Volumes/solar_extracted/extracted/web/2020/200913_solar/Sun_200913.1062.1ds.csv
80,975,59105.65431805725,1325.016,20.067999999999998,2566.756,Sun_200913.1063.fits,449,104.72200000000001,1.0000000011083001,ThAr,chromatic,5,/Volumes/solar_extracted/extracted/web/2020/200913_solar/Sun_200913.1063.1ds.csv
81,976,59105.656111409924,1374.942,13.897,2594.9970000000003,Sun_200913.1064.fits,449,104.73899999999999,1.0000000011083001,ThAr,chromatic,5,/Volumes/solar_extracted/extracted/web/2020/200913_solar/Sun_200913.1064.1ds.csv
82,977,59105.65791482383,1327.0639999999999,13.370999999999999,2614.43,Sun_200913.1065.fits,449,104.561,1.0000000011083001,ThAr,chromatic,5,/Volumes/solar_extracted/extracted/web/2020/200913_solar/Sun_200913.1065.1ds.csv
83,978,59105.65972184956,1286.4189999999999,12.937999999999999,2611.327,Sun_200913.1066.fits,452,105.48200000000001,1.0000000011083001,ThAr,chromatic,5,/Volumes/solar_extracted/extracted/web/2020/200913_solar/Sun_200913.1066.1ds.csv
84,979,59105.661546489064,1298.101,19.59,2643.093,Sun_200913.1067.fits,453,104.426,1.0000000011083001,ThAr,chromatic,5,/Volumes/solar_extracted/extracted/web/2020/200913_solar/Sun_200913.1067.1ds.csv
85,980,59105.663369192196,1194.769,12.061,2573.416,Sun_200913.1068.fits,450,103.585,1.0000000011083001,ThAr,chromatic,5,/Volumes/solar_extracted/extracted/web/2020/200913_solar/Sun_200913.1068.1ds.csv
86,981,59105.66515190378,1258.757,12.649000000000001,2602.794,Sun_200913.1069.fits,451,103.564,1.0000000011083001,ThAr,chromatic,5,/Volumes/solar_extracted/extracted/web/2020/200913_solar/Sun_200913.1069.1ds.csv
87,982,59105.66697404991,1211.673,12.232000000000001,2581.498,Sun_200913.1070.fits,449,103.204,1.0000000011083001,ThAr,chromatic,5,/Volumes/solar_extracted/extracted/web/2020/200913_solar/Sun_200913.1070.1ds.csv
88,983,59105.668747193864,1045.53,15.777000000000001,2578.436,Sun_200913.1071.fits,453,103.757,1.0000000011083001,ThAr,chromatic,5,/Volumes/solar_extracted/extracted/web/2020/200913_solar/Sun_200913.1071.1ds.csv
89,984,59105.670524017194,1190.6960000000001,12.032,2574.216,Sun_200913.1072.fits,451,102.645,1.0000000011083001,ThAr,chromatic,5,/Volumes/solar_extracted/extracted/web/2020/200913_solar/Sun_200913.1072.1ds.csv
90,985,59105.67229140799,1046.609,10.557,2581.173,Sun_200913.1073.fits,451,102.40700000000001,1.0000000011083001,ThAr,chromatic,5,/Volumes/solar_extracted/extracted/web/2020/200913_solar/Sun_200913.1073.1ds.csv
91,986,59105.67499830513,1163.401,11.735,2594.6620000000003,Sun_200913.1075.fits,448,102.046,1.0000000011083001,ThAr,chromatic,5,/Volumes/solar_extracted/extracted/web/2020/200913_solar/Sun_200913.1075.1ds.csv
92,987,59105.67675326661,1068.253,10.764000000000001,2589.71,Sun_200913.1076.fits,449,102.17200000000001,1.0000000011083001,ThAr,chromatic,5,/Volumes/solar_extracted/extracted/web/2020/200913_solar/Sun_200913.1076.1ds.csv
93,988,59105.67851030086,1095.057,11.057,2625.377,Sun_200913.1077.fits,450,101.041,1.0000000011083001,ThAr,chromatic,5,/Volumes/solar_extracted/extracted/web/2020/200913_solar/Sun_200913.1077.1ds.csv
94,989,59105.68027637457,1054.711,15.991,2609.924,Sun_200913.1078.fits,447,100.45200000000001,1.0000000011083001,ThAr,chromatic,5,/Volumes/solar_extracted/extracted/web/2020/200913_solar/Sun_200913.1078.1ds.csv
95,990,59105.68202456069,1113.494,16.86,2591.715,Sun_200913.1079.fits,451,100.32600000000001,1.0000000011083001,ThAr,chromatic,5,/Volumes/solar_extracted/extracted/web/2020/200913_solar/Sun_200913.1079.1ds.csv
96,991,59105.68377095992,1067.9560000000001,10.751,2604.475,Sun_200913.1080.fits,453,100.484,1.0000000011083001,ThAr,chromatic,5,/Volumes/solar_extracted/extracted/web/2020/200913_solar/Sun_200913.1080.1ds.csv
97,992,59105.685514035526,1173.883,11.864,2608.0679999999998,Sun_200913.1081.fits,448,99.439,1.0000000011083001,ThAr,chromatic,5,/Volumes/solar_extracted/extracted/web/2020/200913_solar/Sun_200913.1081.1ds.csv
98,993,59105.68724878271,1029.621,15.626,2558.875,Sun_200913.1082.fits,449,98.56299999999999,1.0000000011083001,ThAr,chromatic,5,/Volumes/solar_extracted/extracted/web/2020/200913_solar/Sun_200913.1082.1ds.csv
99,994,59105.68917748018,1109.346,16.792,2630.908,Sun_200913.1083.fits,451,98.617,1.0000000011083001,ThAr,chromatic,5,/Volumes/solar_extracted/extracted/web/2020/200913_solar/Sun_200913.1083.1ds.csv
100,995,59105.69089633428,1004.8380000000001,15.22,2609.071,Sun_200913.1084.fits,449,98.035,1.0000000011083001,ThAr,chromatic,5,/Volumes/solar_extracted/extracted/web/2020/200913_solar/Sun_200913.1084.1ds.csv
101,996,59105.69262906637,1196.44,12.002,2638.2329999999997,Sun_200913.1085.fits,453,99.439,1.0000000011083001,ThAr,chromatic,5,/Volumes/solar_extracted/extracted/web/2020/200913_solar/Sun_200913.1085.1ds.csv
102,997,59105.69438188874,1126.711,11.327,2601.351,Sun_200913.1086.fits,451,99.361,1.0000000011083001,ThAr,chromatic,5,/Volumes/solar_extracted/extracted/web/2020/200913_solar/Sun_200913.1086.1ds.csv
103,998,59105.69698875077,1255.704,12.71,2605.998,Sun_200913.1088.fits,450,98.09100000000001,1.0000000011083001,ThAr,chromatic,5,/Volumes/solar_extracted/extracted/web/2020/200913_solar/Sun_200913.1088.1ds.csv
104,999,59105.698735794365,1287.953,13.040999999999999,2587.649,Sun_200913.1089.fits,449,98.133,1.0000000011083001,ThAr,chromatic,5,/Volumes/solar_extracted/extracted/web/2020/200913_solar/Sun_200913.1089.1ds.csv
105,1000,59105.70049451787,1306.58,13.286,2578.403,Sun_200913.1090.fits,447,97.72399999999999,1.0000000011083001,ThAr,chromatic,5,/Volumes/solar_extracted/extracted/web/2020/200913_solar/Sun_200913.1090.1ds.csv
106,1001,59105.702235161465,1373.88,13.892000000000001,2572.058,Sun_200913.1091.fits,450,99.335,1.0000000011083001,ThAr,chromatic,5,/Volumes/solar_extracted/extracted/web/2020/200913_solar/Sun_200913.1091.1ds.csv
107,1002,59105.70395949938,1413.036,14.302999999999999,2572.964,Sun_200913.1092.fits,448,99.24799999999999,1.0000000011083001,ThAr,chromatic,5,/Volumes/solar_extracted/extracted/web/2020/200913_solar/Sun_200913.1092.1ds.csv
108,1003,59105.70569832766,1396.703,14.019,2601.525,Sun_200913.1093.fits,451,100.693,1.0000000011083001,ThAr,chromatic,5,/Volumes/solar_extracted/extracted/web/2020/200913_solar/Sun_200913.1093.1ds.csv
109,1004,59105.70745424624,1491.132,11.239,2659.4429999999998,Sun_200913.1094.fits,452,100.476,1.0000000011083001,ThAr,chromatic,5,/Volumes/solar_extracted/extracted/web/2020/200913_solar/Sun_200913.1094.1ds.csv
110,1005,59105.70920370338,1585.0839999999998,11.977,2616.802,Sun_200913.1095.fits,451,99.785,1.0000000011083001,ThAr,chromatic,5,/Volumes/solar_extracted/extracted/web/2020/200913_solar/Sun_200913.1095.1ds.csv
111,1006,59105.71092766588,1604.146,16.25,2595.624,Sun_200913.1096.fits,449,98.307,1.0000000011083001,ThAr,chromatic,5,/Volumes/solar_extracted/extracted/web/2020/200913_solar/Sun_200913.1096.1ds.csv
112,1007,59105.71265880694,1731.0220000000002,13.136,2587.575,Sun_200913.1097.fits,448,97.90899999999999,1.0000000011083001,ThAr,chromatic,5,/Volumes/solar_extracted/extracted/web/2020/200913_solar/Sun_200913.1097.1ds.csv
113,1008,59105.71437572119,1674.855,12.729000000000001,2601.177,Sun_200913.1098.fits,450,96.945,1.0000000011083001,ThAr,chromatic,5,/Volumes/solar_extracted/extracted/web/2020/200913_solar/Sun_200913.1098.1ds.csv
114,1009,59105.716063006876,1699.674,12.9,2591.697,Sun_200913.1099.fits,450,97.913,1.0000000011083001,ThAr,chromatic,5,/Volumes/solar_extracted/extracted/web/2020/200913_solar/Sun_200913.1099.1ds.csv
115,1010,59105.71777697001,1736.543,13.196,2588.714,Sun_200913.1100.fits,448,97.10600000000001,1.0000000011083001,ThAr,chromatic,5,/Volumes/solar_extracted/extracted/web/2020/200913_solar/Sun_200913.1100.1ds.csv
116,1011,59105.720413188224,1755.05,13.3,2588.124,Sun_200913.1102.fits,450,96.62299999999999,1.0000000011083001,ThAr,chromatic,5,/Volumes/solar_extracted/extracted/web/2020/200913_solar/Sun_200913.1102.1ds.csv
117,1012,59105.72209866418,1648.0179999999998,12.519,2571.076,Sun_200913.1103.fits,449,95.56,1.0000000011083001,ThAr,chromatic,5,/Volumes/solar_extracted/extracted/web/2020/200913_solar/Sun_200913.1103.1ds.csv
118,1013,59105.723798344094,1744.261,13.197000000000001,2599.114,Sun_200913.1104.fits,449,96.19,1.0000000011083001,ThAr,chromatic,5,/Volumes/solar_extracted/extracted/web/2020/200913_solar/Sun_200913.1104.1ds.csv
119,1014,59105.72549008539,1488.395,11.265999999999998,2572.59,Sun_200913.1105.fits,450,96.12899999999999,1.0000000011083001,ThAr,chromatic,5,/Volumes/solar_extracted/extracted/web/2020/200913_solar/Sun_200913.1105.1ds.csv
120,1015,59105.72718715693,1730.547,13.140999999999998,2547.029,Sun_200913.1106.fits,449,95.835,1.0000000011083001,ThAr,chromatic,5,/Volumes/solar_extracted/extracted/web/2020/200913_solar/Sun_200913.1106.1ds.csv
121,1016,59105.728924161784,1520.9479999999999,11.556,2534.436,Sun_200913.1107.fits,447,95.42,1.0000000011083001,ThAr,chromatic,5,/Volumes/solar_extracted/extracted/web/2020/200913_solar/Sun_200913.1107.1ds.csv
122,1017,59105.73068944001,1596.055,12.1,2569.577,Sun_200913.1108.fits,449,96.119,1.0000000011083001,ThAr,chromatic,5,/Volumes/solar_extracted/extracted/web/2020/200913_solar/Sun_200913.1108.1ds.csv
123,1018,59105.73238828764,1549.5810000000001,15.742,2566.8520000000003,Sun_200913.1109.fits,446,94.80799999999999,1.0000000011083001,ThAr,chromatic,5,/Volumes/solar_extracted/extracted/web/2020/200913_solar/Sun_200913.1109.1ds.csv
124,1019,59105.73578266762,1428.453,10.82,2578.675,Sun_200913.1111.fits,450,96.376,1.0000000011083001,ThAr,chromatic,5,/Volumes/solar_extracted/extracted/web/2020/200913_solar/Sun_200913.1111.1ds.csv
125,1020,59105.737498374074,1300.177,13.103,2572.645,Sun_200913.1112.fits,451,96.63600000000001,1.0000000011083001,ThAr,chromatic,5,/Volumes/solar_extracted/extracted/web/2020/200913_solar/Sun_200913.1112.1ds.csv
126,1021,59105.739201392826,1204.23,12.182,2565.972,Sun_200913.1113.fits,447,96.256,1.0000000011083001,ThAr,chromatic,5,/Volumes/solar_extracted/extracted/web/2020/200913_solar/Sun_200913.1113.1ds.csv
127,1022,59105.74088614116,1339.006,13.550999999999998,2536.43,Sun_200913.1114.fits,448,95.78,1.0000000011083001,ThAr,chromatic,5,/Volumes/solar_extracted/extracted/web/2020/200913_solar/Sun_200913.1114.1ds.csv
128,1023,59105.74348952978,1253.55,12.674000000000001,2548.535,Sun_200913.1116.fits,448,96.56299999999999,1.0000000011083001,ThAr,chromatic,5,/Volumes/solar_extracted/extracted/web/2020/200913_solar/Sun_200913.1116.1ds.csv
129,1024,59105.74517205487,1264.992,19.177,2604.428,Sun_200913.1117.fits,448,96.46,1.0000000011083001,ThAr,chromatic,5,/Volumes/solar_extracted/extracted/web/2020/200913_solar/Sun_200913.1117.1ds.csv
130,1025,59105.747006582285,1303.3010000000002,13.232000000000001,2555.8320000000003,Sun_200913.1118.fits,446,95.585,1.0000000011083001,ThAr,chromatic,5,/Volumes/solar_extracted/extracted/web/2020/200913_solar/Sun_200913.1118.1ds.csv
131,1026,59105.74918190053,-955.0210000000001,14.512,2589.808,Sun_200913.1119.fits,447,196.639,1.0000000011083001,ThAr,chromatic,5,/Volumes/solar_extracted/extracted/web/2020/200913_solar/Sun_200913.1119.1ds.csv
132,1027,59105.751826174186,2801.926,14.208,2549.864,Sun_200913.1120.fits,446,148.15200000000002,1.0000000011083001,ThAr,chromatic,5,/Volumes/solar_extracted/extracted/web/2020/200913_solar/Sun_200913.1120.1ds.csv
133,1028,59105.75610104332,-1445.3210000000001,12.517999999999999,2635.748,Sun_200913.1121.fits,449,298.389,1.0000000011083001,ThAr,chromatic,5,/Volumes/solar_extracted/extracted/web/2020/200913_solar/Sun_200913.1121.1ds.csv
134,1029,59105.75917958409,5407.493,13.714,2476.163,Sun_200913.1122.fits,447,347.777,1.0000000011083001,ThAr,chromatic,5,/Volumes/solar_extracted/extracted/web/2020/200913_solar/Sun_200913.1122.1ds.csv
135,1030,59105.762770769295,1526.225,15.462,2579.355,Sun_200913.1123.fits,450,95.666,1.0000000011083001,ThAr,chromatic,5,/Volumes/solar_extracted/extracted/web/2020/200913_solar/Sun_200913.1123.1ds.csv
136,1031,59105.76538651557,1636.626,12.390999999999998,2632.09,Sun_200913.1125.fits,449,95.962,1.0000000011083001,ThAr,chromatic,5,/Volumes/solar_extracted/extracted/web/2020/200913_solar/Sun_200913.1125.1ds.csv
137,1032,59105.767080060046,1700.8029999999999,12.892999999999999,2604.333,Sun_200913.1126.fits,448,95.31700000000001,1.0000000011083001,ThAr,chromatic,5,/Volumes/solar_extracted/extracted/web/2020/200913_solar/Sun_200913.1126.1ds.csv
138,1034,59105.777768678425,2998.3190000000004,13.046,2551.438,Sun_200913.1128.fits,447,206.02599999999998,1.0000000011083001,ThAr,chromatic,5,/Volumes/solar_extracted/extracted/web/2020/200913_solar/Sun_200913.1128.1ds.csv
139,1035,59105.77975595336,7230.314,13.737,2535.36,Sun_200913.1129.fits,448,120.178,1.0000000011083001,ThAr,chromatic,5,/Volumes/solar_extracted/extracted/web/2020/200913_solar/Sun_200913.1129.1ds.csv
140,1036,59105.78156795455,-862.6030000000001,13.073,2674.813,Sun_200913.1130.fits,447,101.681,1.0000000011083001,ThAr,chromatic,5,/Volumes/solar_extracted/extracted/web/2020/200913_solar/Sun_200913.1130.1ds.csv
141,1037,59105.783295226414,846.064,25.73,2547.045,Sun_200913.1131.fits,447,96.306,1.0000000011083001,ThAr,chromatic,5,/Volumes/solar_extracted/extracted/web/2020/200913_solar/Sun_200913.1131.1ds.csv
142,1038,59105.78500129309,1580.007,12.025,2535.1679999999997,Sun_200913.1132.fits,447,99.794,1.0000000011083001,ThAr,chromatic,5,/Volumes/solar_extracted/extracted/web/2020/200913_solar/Sun_200913.1132.1ds.csv
143,1039,59105.78777886782,1229.396,12.425,2561.2960000000003,Sun_200913.1134.fits,449,95.125,1.0000000011083001,ThAr,chromatic,5,/Volumes/solar_extracted/extracted/web/2020/200913_solar/Sun_200913.1134.1ds.csv
144,1040,59105.78948469464,1322.3310000000001,13.368,2555.799,Sun_200913.1135.fits,447,95.145,1.0000000011083001,ThAr,chromatic,5,/Volumes/solar_extracted/extracted/web/2020/200913_solar/Sun_200913.1135.1ds.csv
145,1042,59105.79306802122,2602.5860000000002,13.222000000000001,2533.61,Sun_200913.1137.fits,448,99.031,1.0000000011083001,ThAr,chromatic,5,/Volumes/solar_extracted/extracted/web/2020/200913_solar/Sun_200913.1137.1ds.csv
146,1043,59105.79479203454,996.28,15.130999999999998,2579.7929999999997,Sun_200913.1138.fits,450,95.785,1.0000000011083001,ThAr,chromatic,5,/Volumes/solar_extracted/extracted/web/2020/200913_solar/Sun_200913.1138.1ds.csv
147,1044,59105.79646507679,1235.731,18.752,2575.769,Sun_200913.1139.fits,447,95.58,1.0000000011083001,ThAr,chromatic,5,/Volumes/solar_extracted/extracted/web/2020/200913_solar/Sun_200913.1139.1ds.csv
148,1046,59105.80307381884,1385.47,14.059000000000001,2558.2889999999998,Sun_200913.1141.fits,449,99.07700000000001,1.0000000011083001,ThAr,chromatic,5,/Volumes/solar_extracted/extracted/web/2020/200913_solar/Sun_200913.1141.1ds.csv
149,1047,59105.80479866473,1031.031,15.639000000000001,2574.487,Sun_200913.1142.fits,448,96.79700000000001,1.0000000011083001,ThAr,chromatic,5,/Volumes/solar_extracted/extracted/web/2020/200913_solar/Sun_200913.1142.1ds.csv
150,1048,59105.806505904286,1042.828,10.583,2543.835,Sun_200913.1143.fits,447,96.73899999999999,1.0000000011083001,ThAr,chromatic,5,/Volumes/solar_extracted/extracted/web/2020/200913_solar/Sun_200913.1143.1ds.csv
151,1049,59105.80830386704,1661.569,12.626,2550.69,Sun_200913.1144.fits,446,111.836,1.0000000011083001,ThAr,chromatic,5,/Volumes/solar_extracted/extracted/web/2020/200913_solar/Sun_200913.1144.1ds.csv
152,1050,59105.81100260591,1245.107,12.604000000000001,2569.283,Sun_200913.1146.fits,447,98.64399999999999,1.0000000011083001,ThAr,chromatic,5,/Volumes/solar_extracted/extracted/web/2020/200913_solar/Sun_200913.1146.1ds.csv
153,1051,59105.81272731062,1155.3410000000001,11.703,2569.192,Sun_200913.1147.fits,449,98.10799999999999,1.0000000011083001,ThAr,chromatic,5,/Volumes/solar_extracted/extracted/web/2020/200913_solar/Sun_200913.1147.1ds.csv
154,1052,59105.814461891205,1127.4660000000001,11.431,2562.32,Sun_200913.1148.fits,447,97.61399999999999,1.0000000011083001,ThAr,chromatic,5,/Volumes/solar_extracted/extracted/web/2020/200913_solar/Sun_200913.1148.1ds.csv
155,1053,59105.816151314364,1321.0929999999998,13.356,2605.636,Sun_200913.1149.fits,449,98.315,1.0000000011083001,ThAr,chromatic,5,/Volumes/solar_extracted/extracted/web/2020/200913_solar/Sun_200913.1149.1ds.csv
156,1054,59105.817864492776,1194.618,12.088,2596.846,Sun_200913.1150.fits,449,97.986,1.0000000011083001,ThAr,chromatic,5,/Volumes/solar_extracted/extracted/web/2020/200913_solar/Sun_200913.1150.1ds.csv
157,1056,59105.82260313725,18983.199,13.577,2470.528,Sun_200913.1152.fits,449,294.624,1.0000000011083001,ThAr,chromatic,5,/Volumes/solar_extracted/extracted/web/2020/200913_solar/Sun_200913.1152.1ds.csv
158,1057,59105.828442649814,-7201.408,35.191,425.164,Sun_200913.1153.fits,180,600.003,1.0000000011083001,ThAr,chromatic,5,/Volumes/solar_extracted/extracted/web/2020/200913_solar/Sun_200913.1153.1ds.csv
159,1059,59105.845443563674,-11236.361,126.45299999999999,34.81,Sun_200913.1156.fits,58,600.003,1.0000000011083001,ThAr,chromatic,5,/Volumes/solar_extracted/extracted/web/2020/200913_solar/Sun_200913.1156.1ds.csv
